[
{
"name": "Janice Booth",
"pointsPerGame": "121",
"pointsTotal": "121",
"cardHands": "Q C  2 S  10 D  4 C  8 H  9 H  J C  J S  A D  A C  10 S  10 C  2 D ",
"totalGames": "1"
},
{
"name": "Jessica Palmer",
"pointsPerGame": "113",
"pointsTotal": "113",
"cardHands": "Q D  J D  6 H  9 D  K D  J H  4 D  8 D  9 C  8 S  3 S  Q S  6 C ",
"totalGames": "1"
},
{
"name": "Jeffrey Thompson",
"pointsPerGame": "101",
"pointsTotal": "101",
"cardHands": "K H  K S  3 C  8 C  7 H  2 H  10 H  6 S  4 S  9 S  A S  6 D  7 C ",
"totalGames": "1"
},
{
"name": "Doris Williams",
"pointsPerGame": "85",
"pointsTotal": "85",
"cardHands": "2 C  3 D  A H  5 D  Q H  5 C  7 S  7 D  K C  3 H  5 H  5 S  4 H ",
"totalGames": "1"
},
]
